Workbook

Sheet Employee 01 Reconciliation
A2: Vortex Payroll Worksheet
A5: Company | B5: Vortex Athletics LLC | L5: Source | M5: URL
A6: Employee | B6: Maria Alejandra Gutierrez Sanchez | L6: Maryland pay frequency | M6: https://www.labor.maryland.gov/labor/wagepay/wpfrequency.shtml
A7: Employee ID | B7: 1
A8: Role | B8: Gymnastics instructor | L8: Maryland overtime | M8: https://labor.maryland.gov/labor/wagepay/wpotgenl.shtml
A9: Illustrative hourly rate | B9: 25 | L9: IRS Publication 15 | M9: https://www.irs.gov/publications/p15
A10: Primary instruction window | B10: 3:30PM-9:30PM Mon-Fri 8:30AM-12:30PM Sat
A11: Work period | B11: Payment date | C11: Method | D11: Gross paid | E11: Regular hours | F11: Overtime hours | G11: Hourly wages | H11: Example-only taxable adjustment | I11: Illustrated gross | J11: Difference
A12: 46023 | B12: 46093 | C12: Check 156 | D12: 1000 | E12: =SUMIFS('Daily Log'!$L$3:$L$136,'Daily Log'!$E$3:$E$136,A12) -> 40 | F12: =SUMIFS('Daily Log'!$M$3:$M$136,'Daily Log'!$E$3:$E$136,A12) -> 0 | G12: =E12*$B$9+F12*$B$9*1.5 -> 1000 | H12: =D12-G12 -> 0 | I12: =G12+H12 -> 1000 | J12: =D12-I12 -> 0
A13: 46054 | B13: 46093 | C13: Check 156 | D13: 2000 | E13: =SUMIFS('Daily Log'!$L$3:$L$136,'Daily Log'!$E$3:$E$136,A13) -> 80 | F13: =SUMIFS('Daily Log'!$M$3:$M$136,'Daily Log'!$E$3:$E$136,A13) -> 0 | G13: =E13*$B$9+F13*$B$9*1.5 -> 2000 | H13: =D13-G13 -> 0 | I13: =G13+H13 -> 2000 | J13: =D13-I13 -> 0
A14: 46082 | B14: 46115 | C14: ACH | D14: 3000 | E14: =SUMIFS('Daily Log'!$L$3:$L$136,'Daily Log'!$E$3:$E$136,A14) -> 120 | F14: =SUMIFS('Daily Log'!$M$3:$M$136,'Daily Log'!$E$3:$E$136,A14) -> 0 | G14: =E14*$B$9+F14*$B$9*1.5 -> 3000 | H14: =D14-G14 -> 0 | I14: =G14+H14 -> 3000 | J14: =D14-I14 -> 0
A15: 46113 | B15: 46143 | C15: ACH | D15: 4700 | E15: =SUMIFS('Daily Log'!$L$3:$L$136,'Daily Log'!$E$3:$E$136,A15) -> 176.75 | F15: =SUMIFS('Daily Log'!$M$3:$M$136,'Daily Log'!$E$3:$E$136,A15) -> 3.25 | G15: =E15*$B$9+F15*$B$9*1.5 -> 4540.625 | H15: =D15-G15 -> 159.375 | I15: =G15+H15 -> 4700 | J15: =D15-I15 -> 0
A16: 46143 | B16: 46178 | C16: ACH | D16: 4238 | E16: =SUMIFS('Daily Log'!$L$3:$L$136,'Daily Log'!$E$3:$E$136,A16) -> 165 | F16: =SUMIFS('Daily Log'!$M$3:$M$136,'Daily Log'!$E$3:$E$136,A16) -> 0 | G16: =E16*$B$9+F16*$B$9*1.5 -> 4125 | H16: =D16-G16 -> 113 | I16: =G16+H16 -> 4238 | J16: =D16-I16 -> 0
A17: 46174 | B17: 46209 | C17: ACH | D17: 5000 | E17: =SUMIFS('Daily Log'!$L$3:$L$136,'Daily Log'!$E$3:$E$136,A17) -> 177 | F17: =SUMIFS('Daily Log'!$M$3:$M$136,'Daily Log'!$E$3:$E$136,A17) -> 13 | G17: =E17*$B$9+F17*$B$9*1.5 -> 4912.5 | H17: =D17-G17 -> 87.5 | I17: =G17+H17 -> 5000 | J17: =D17-I17 -> 0
A18: 46204 | B18: 46237 | C18: ACH | D18: 4140 | E18: =SUMIFS('Daily Log'!$L$3:$L$136,'Daily Log'!$E$3:$E$136,A18) -> 160 | F18: =SUMIFS('Daily Log'!$M$3:$M$136,'Daily Log'!$E$3:$E$136,A18) -> 0 | G18: =E18*$B$9+F18*$B$9*1.5 -> 4000 | H18: =D18-G18 -> 140 | I18: =G18+H18 -> 4140 | J18: =D18-I18 -> 0
A19: Total | D19: =SUM(D12:D18) -> 24078 | E19: =SUM(E12:E18) -> 918.75 | F19: =SUM(F12:F18) -> 16.25 | G19: =SUM(G12:G18) -> 23578.125 | H19: =SUM(H12:H18) -> 499.875 | I19: =SUM(I12:I18) -> 24078 | J19: =SUM(J12:J18) -> 0

Sheet Daily Log
A1: VORTEX DAILY TIME LOG
A2: Date | B2: EID | C2: Date | D2: Day | E2: Month | F2: Week starting | G2: Planning hours | H2: Instruction hours | I2: Unpaid break | J2: Total hours | K2: Prior week hours | L2: Regular hours | M2: Overtime hours | N2: Regular wages | O2: Overtime wages | P2: Total hourly wages
A3: Maria Gutierrez Sanchez | B3: 1 | C3: 46023 | D3: Thu | E3: 46023 | F3: 46020 | G3: 0 | H3: 5 | I3: 0 | J3: =G3+H3-I3 -> 5 | K3: =SUMIFS($J$3:J3,$F$3:F3,F3)-J3 -> 0 | L3: =MIN(J3,MAX(0,40-K3)) -> 5 | M3: =J3-L3 -> 0 | N3: =L3*'Employee 01 Reconciliation'!$B$9 -> 125 | O3: =M3*'Employee 01 Reconciliation'!$B$9*1.5 -> 0 | P3: =N3+O3 -> 125
A4: Maria Gutierrez Sanchez | B4: 1 | C4: 46024 | D4: Fri | E4: 46023 | F4: 46020 | G4: 0 | H4: 5 | I4: 0 | J4: =G4+H4-I4 -> 5 | K4: =SUMIFS($J$3:J4,$F$3:F4,F4)-J4 -> 5 | L4: =MIN(J4,MAX(0,40-K4)) -> 5 | M4: =J4-L4 -> 0 | N4: =L4*'Employee 01 Reconciliation'!$B$9 -> 125 | O4: =M4*'Employee 01 Reconciliation'!$B$9*1.5 -> 0 | P4: =N4+O4 -> 125
A5: Maria Gutierrez Sanchez | B5: 1 | C5: 46027 | D5: Mon | E5: 46023 | F5: 46027 | G5: 0 | H5: 5 | I5: 0 | J5: =G5+H5-I5 -> 5 | K5: =SUMIFS($J$3:J5,$F$3:F5,F5)-J5 -> 0 | L5: =MIN(J5,MAX(0,40-K5)) -> 5 | M5: =J5-L5 -> 0 | N5: =L5*'Employee 01 Reconciliation'!$B$9 -> 125 | O5: =M5*'Employee 01 Reconciliation'!$B$9*1.5 -> 0 | P5: =N5+O5 -> 125
A6: Maria Gutierrez Sanchez | B6: 1 | C6: 46028 | D6: Tue | E6: 46023 | F6: 46027 | G6: 0 | H6: 5 | I6: 0 | J6: =G6+H6-I6 -> 5 | K6: =SUMIFS($J$3:J6,$F$3:F6,F6)-J6 -> 5 | L6: =MIN(J6,MAX(0,40-K6)) -> 5 | M6: =J6-L6 -> 0 | N6: =L6*'Employee 01 Reconciliation'!$B$9 -> 125 | O6: =M6*'Employee 01 Reconciliation'!$B$9*1.5 -> 0 | P6: =N6+O6 -> 125
A7: Maria Gutierrez Sanchez | B7: 1 | C7: 46029 | D7: Wed | E7: 46023 | F7: 46027 | G7: 0 | H7: 5 | I7: 0 | J7: =G7+H7-I7 -> 5 | K7: =SUMIFS($J$3:J7,$F$3:F7,F7)-J7 -> 10 | L7: =MIN(J7,MAX(0,40-K7)) -> 5 | M7: =J7-L7 -> 0 | N7: =L7*'Employee 01 Reconciliation'!$B$9 -> 125 | O7: =M7*'Employee 01 Reconciliation'!$B$9*1.5 -> 0 | P7: =N7+O7 -> 125
A8: Maria Gutierrez Sanchez | B8: 1 | C8: 46030 | D8: Thu | E8: 46023 | F8: 46027 | G8: 0 | H8: 5 | I8: 0 | J8: =G8+H8-I8 -> 5 | K8: =SUMIFS($J$3:J8,$F$3:F8,F8)-J8 -> 15 | L8: =MIN(J8,MAX(0,40-K8)) -> 5 | M8: =J8-L8 -> 0 | N8: =L8*'Employee 01 Reconciliation'!$B$9 -> 125 | O8: =M8*'Employee 01 Reconciliation'!$B$9*1.5 -> 0 | P8: =N8+O8 -> 125
A9: Maria Gutierrez Sanchez | B9: 1 | C9: 46031 | D9: Fri | E9: 46023 | F9: 46027 | G9: 0 | H9: 5 | I9: 0 | J9: =G9+H9-I9 -> 5 | K9: =SUMIFS($J$3:J9,$F$3:F9,F9)-J9 -> 20 | L9: =MIN(J9,MAX(0,40-K9)) -> 5 | M9: =J9-L9 -> 0 | N9: =L9*'Employee 01 Reconciliation'!$B$9 -> 125 | O9: =M9*'Employee 01 Reconciliation'!$B$9*1.5 -> 0 | P9: =N9+O9 -> 125
A10: Maria Gutierrez Sanchez | B10: 1 | C10: 46034 | D10: Mon | E10: 46023 | F10: 46034 | G10: 0 | H10: 5 | I10: 0 | J10: =G10+H10-I10 -> 5 | K10: =SUMIFS($J$3:J10,$F$3:F10,F10)-J10 -> 0 | L10: =MIN(J10,MAX(0,40-K10)) -> 5 | M10: =J10-L10 -> 0 | N10: =L10*'Employee 01 Reconciliation'!$B$9 -> 125 | O10: =M10*'Employee 01 Reconciliation'!$B$9*1.5 -> 0 | P10: =N10+O10 -> 125
A11: Maria Gutierrez Sanchez | B11: 1 | C11: 46055 | D11: Mon | E11: 46054 | F11: 46055 | G11: 0 | H11: 5 | I11: 0 | J11: =G11+H11-I11 -> 5 | K11: =SUMIFS($J$3:J11,$F$3:F11,F11)-J11 -> 0 | L11: =MIN(J11,MAX(0,40-K11)) -> 5 | M11: =J11-L11 -> 0 | N11: =L11*'Employee 01 Reconciliation'!$B$9 -> 125 | O11: =M11*'Employee 01 Reconciliation'!$B$9*1.5 -> 0 | P11: =N11+O11 -> 125
A12: Maria Gutierrez Sanchez | B12: 1 | C12: 46056 | D12: Tue | E12: 46054 | F12: 46055 | G12: 0 | H12: 5 | I12: 0 | J12: =G12+H12-I12 -> 5 | K12: =SUMIFS($J$3:J12,$F$3:F12,F12)-J12 -> 5 | L12: =MIN(J12,MAX(0,40-K12)) -> 5 | M12: =J12-L12 -> 0 | N12: =L12*'Employee 01 Reconciliation'!$B$9 -> 125 | O12: =M12*'Employee 01 Reconciliation'!$B$9*1.5 -> 0 | P12: =N12+O12 -> 125
A13: Maria Gutierrez Sanchez | B13: 1 | C13: 46057 | D13: Wed | E13: 46054 | F13: 46055 | G13: 0 | H13: 5 | I13: 0 | J13: =G13+H13-I13 -> 5 | K13: =SUMIFS($J$3:J13,$F$3:F13,F13)-J13 -> 10 | L13: =MIN(J13,MAX(0,40-K13)) -> 5 | M13: =J13-L13 -> 0 | N13: =L13*'Employee 01 Reconciliation'!$B$9 -> 125 | O13: =M13*'Employee 01 Reconciliation'!$B$9*1.5 -> 0 | P13: =N13+O13 -> 125
A14: Maria Gutierrez Sanchez | B14: 1 | C14: 46058 | D14: Thu | E14: 46054 | F14: 46055 | G14: 0 | H14: 5 | I14: 0 | J14: =G14+H14-I14 -> 5 | K14: =SUMIFS($J$3:J14,$F$3:F14,F14)-J14 -> 15 | L14: =MIN(J14,MAX(0,40-K14)) -> 5 | M14: =J14-L14 -> 0 | N14: =L14*'Employee 01 Reconciliation'!$B$9 -> 125 | O14: =M14*'Employee 01 Reconciliation'!$B$9*1.5 -> 0 | P14: =N14+O14 -> 125
... A136: Maria Gutierrez Sanchez | B136: 1 | C136: 46234 | D136: Fri | E136: 46204 | F136: 46230 | G136: 1.75 | H136: 5 | I136: 0 | J136: =G136+H136-I136 -> 6.75 | K136: =SUMIFS($J$3:J136,$F$3:F136,F136)-J136 -> 27.25 | L136: =MIN(J136,MAX(0,40-K136)) -> 6.75 | M136: =J136-L136 -> 0 | N136: =L136*'Employee 01 Reconciliation'!$B$9 -> 168.75 | O136: =M136*'Employee 01 Reconciliation'!$B$9*1.5 -> 0 | P136: =N136+O136 -> 168.75
